{"cameraMode":{"drawMode":0,"name":"Shaded","section":"Shading Mode"},"sceneLighting":true,"audioPlay":false,"sceneViewState":{"showFog":true,"showMaterialUpdate":false,"showSkybox":true,"showFlares":true,"showImageEffects":true,"showParticleSystems":true},"in2DMode":false,"pivot":{"x":-118.91472625732422,"y":-44.15899658203125,"z":-7.0229291915893559},"rotation":{"x":0.15775427222251893,"y":0.5041155815124512,"z":-0.09424220025539398,"w":0.8438695073127747},"size":837.29638671875,"orthographic":false}